input,inputLength,LongestChainBacktrackingSolverTime,LongestChainBacktrackingSolverResult,LongestChainBacktrackingSolverResultLength,LongestChainBFSSolverTime,LongestChainBFSSolverResult,LongestChainBFSSolverResultLength
"[[6|5], [2|1], [1|1], [5|0], [5|4]]",5,19,[6|5][5|0],2,20,[2|1][1|1],2
"[[4|1], [5|3], [1|1], [0|0], [4|4]]",5,11,[4|4][4|1][1|1],3,1,[4|4][4|1][1|1],3
"[[4|2], [4|4], [5|1], [6|4], [5|2]]",5,3,[6|4][4|4][4|2][2|5][5|1],5,5,[6|4][4|4][4|2][2|5][5|1],5
"[[1|0], [3|2], [3|0], [6|5], [2|1]]",5,3,[2|3][3|0][0|1][1|2],4,1,[2|1][1|0][0|3][3|2],4
"[[6|0], [4|2], [3|3], [4|0], [6|4]]",5,4,[4|0][0|6][6|4][4|2],4,1,[4|6][6|0][0|4][4|2],4
"[[5|1], [5|0], [4|1], [0|0], [1|1]]",5,1,[4|1][1|1][1|5][5|0][0|0],5,4,[0|0][0|5][5|1][1|1][1|4],5
"[[3|3], [5|0], [6|0], [6|6], [2|2]]",5,0,[5|0][0|6][6|6],3,1,[6|6][6|0][0|5],3
"[[6|6], [6|3], [1|1], [3|0], [1|0]]",5,1,[1|1][1|0][0|3][3|6][6|6],5,1,[6|6][6|3][3|0][0|1][1|1],5
"[[5|4], [5|2], [5|1], [2|2], [6|6]]",5,1,[2|2][2|5][5|1],3,1,[2|2][2|5][5|4],3
"[[4|2], [4|1], [5|4], [3|2], [2|2]]",5,1,[3|2][2|2][2|4][4|1],4,1,[3|2][2|2][2|4][4|1],4
"[[5|1], [6|1], [5|0], [2|0], [1|0], [5|3]]",6,3,[6|1][1|0][0|5][5|1],4,2,[6|1][1|0][0|5][5|1],4
"[[0|0], [5|1], [1|0], [1|1], [4|1], [5|2]]",6,2,[0|0][0|1][1|1][1|5][5|2],5,2,[2|5][5|1][1|1][1|0][0|0],5
"[[6|5], [4|0], [2|2], [4|1], [5|0], [6|3]]",6,1,[3|6][6|5][5|0][0|4][4|1],5,0,[3|6][6|5][5|0][0|4][4|1],5
"[[4|3], [6|5], [1|1], [5|0], [3|1], [4|2]]",6,0,[2|4][4|3][3|1][1|1],4,1,[1|1][1|3][3|4][4|2],4
"[[6|1], [1|1], [6|3], [4|3], [3|0], [4|0]]",6,0,[3|4][4|0][0|3][3|6][6|1][1|1],6,1,[1|1][1|6][6|3][3|0][0|4][4|3],6
"[[6|6], [6|4], [2|1], [6|5], [5|2], [6|0]]",6,1,[0|6][6|6][6|5][5|2][2|1],5,2,[0|6][6|6][6|5][5|2][2|1],5
"[[6|2], [2|1], [3|0], [6|3], [5|2], [4|3]]",6,4,[0|3][3|6][6|2][2|1],4,7,[1|2][2|6][6|3][3|4],4
"[[2|0], [5|0], [3|1], [6|4], [6|1], [5|5]]",6,3,[3|1][1|6][6|4],3,2,[3|1][1|6][6|4],3
"[[3|0], [6|5], [1|0], [6|3], [1|1], [6|0]]",6,1,[1|1][1|0][0|3][3|6][6|0],5,1,[1|1][1|0][0|3][3|6][6|5],5
"[[5|5], [6|4], [2|2], [3|2], [4|0], [3|0]]",6,4,[6|4][4|0][0|3][3|2][2|2],5,1,[6|4][4|0][0|3][3|2][2|2],5
"[[3|2], [2|0], [4|1], [6|5], [4|3], [5|2], [6|2]]",7,3,[0|2][2|6][6|5][5|2][2|3][3|4][4|1],7,2,[0|2][2|6][6|5][5|2][2|3][3|4][4|1],7
"[[5|2], [5|5], [3|3], [1|0], [6|0], [3|0], [2|2]]",7,1,[3|3][3|0][0|1],3,2,[3|3][3|0][0|1],3
"[[5|5], [4|4], [5|3], [6|3], [6|6], [5|2], [3|1]]",7,1,[6|6][6|3][3|5][5|5][5|2],5,1,[2|5][5|5][5|3][3|6][6|6],5
"[[4|4], [6|5], [6|3], [5|2], [2|2], [5|5], [4|3]]",7,0,[4|4][4|3][3|6][6|5][5|5][5|2][2|2],7,2,[2|2][2|5][5|5][5|6][6|3][3|4][4|4],7
"[[2|1], [5|4], [4|0], [2|0], [4|3], [6|3], [6|4]]",7,0,[5|4][4|6][6|3][3|4][4|0][0|2][2|1],7,2,[5|4][4|6][6|3][3|4][4|0][0|2][2|1],7
"[[5|5], [2|1], [2|0], [1|0], [6|2], [2|2], [6|6]]",7,2,[6|6][6|2][2|0][0|1][1|2][2|2],6,1,[6|6][6|2][2|2][2|0][0|1][1|2],6
"[[6|2], [5|2], [6|6], [4|2], [6|4], [5|4], [1|0]]",7,6,[4|6][6|6][6|2][2|5][5|4][4|2],6,1,[4|6][6|6][6|2][2|5][5|4][4|2],6
"[[5|1], [6|5], [2|2], [4|2], [3|3], [6|2], [6|6]]",7,0,[4|2][2|2][2|6][6|6][6|5][5|1],6,1,[1|5][5|6][6|6][6|2][2|2][2|4],6
"[[5|2], [3|2], [2|1], [6|5], [4|0], [6|0], [5|5]]",7,1,[4|0][0|6][6|5][5|5][5|2][2|1],6,1,[4|0][0|6][6|5][5|5][5|2][2|3],6
"[[2|1], [6|1], [3|3], [6|5], [5|4], [6|3], [4|0]]",7,1,[2|1][1|6][6|5][5|4][4|0],5,1,[2|1][1|6][6|5][5|4][4|0],5
"[[3|1], [5|2], [6|2], [5|3], [4|2], [1|0], [6|4], [3|3]]",8,0,[0|1][1|3][3|3][3|5][5|2][2|6][6|4][4|2],8,1,[0|1][1|3][3|3][3|5][5|2][2|6][6|4][4|2],8
"[[0|0], [6|6], [6|2], [5|5], [6|1], [2|1], [6|5], [6|3]]",8,2,[3|6][6|6][6|2][2|1][1|6][6|5][5|5],7,2,[3|6][6|6][6|2][2|1][1|6][6|5][5|5],7
"[[5|5], [6|1], [2|2], [3|1], [5|1], [5|3], [1|1], [6|3]]",8,3,[3|6][6|1][1|5][5|5][5|3][3|1][1|1],7,2,[1|3][3|5][5|5][5|1][1|1][1|6][6|3],7
"[[4|3], [6|0], [1|1], [6|2], [2|0], [5|2], [6|1], [6|3]]",8,2,[4|3][3|6][6|2][2|0][0|6][6|1][1|1],7,1,[4|3][3|6][6|0][0|2][2|6][6|1][1|1],7
"[[4|3], [0|0], [2|2], [6|6], [4|4], [4|2], [3|2], [3|3]]",8,1,[2|4][4|4][4|3][3|3][3|2][2|2],6,1,[2|4][4|4][4|3][3|3][3|2][2|2],6
"[[6|2], [3|1], [6|5], [2|0], [2|2], [2|1], [4|1], [6|0]]",8,6,[4|1][1|2][2|0][0|6][6|2][2|2],6,2,[3|1][1|2][2|2][2|0][0|6][6|5],6
"[[4|1], [4|4], [6|3], [6|1], [5|4], [6|0], [5|0], [1|0]]",8,4,[1|6][6|0][0|5][5|4][4|4][4|1][1|0],7,1,[3|6][6|0][0|5][5|4][4|4][4|1][1|0],7
"[[6|4], [2|2], [5|1], [1|0], [5|3], [1|1], [2|1], [5|4]]",8,1,[6|4][4|5][5|1][1|1][1|2][2|2],6,1,[6|4][4|5][5|1][1|1][1|2][2|2],6
"[[4|4], [4|1], [5|2], [6|0], [6|1], [1|1], [3|1], [2|2]]",8,0,[4|4][4|1][1|1][1|6][6|0],5,0,[0|6][6|1][1|1][1|4][4|4],5
"[[6|2], [6|4], [6|5], [4|2], [4|1], [5|5], [0|0], [5|2]]",8,1,[2|6][6|5][5|5][5|2][2|4][4|1],6,6,[1|4][4|6][6|5][5|5][5|2][2|6],6
"[[1|0], [6|3], [5|5], [6|5], [3|0], [4|0], [3|1], [6|4], [6|6]]",9,3,[5|5][5|6][6|6][6|4][4|0][0|3][3|1][1|0],8,11,[5|5][5|6][6|6][6|3][3|1][1|0][0|4][4|6],8
"[[5|2], [5|1], [6|2], [4|0], [6|0], [2|2], [4|3], [1|0], [6|3]]",9,1,[6|3][3|4][4|0][0|6][6|2][2|2][2|5][5|1][1|0],9,3,[0|1][1|5][5|2][2|2][2|6][6|0][0|4][4|3][3|6],9
"[[5|0], [6|5], [6|2], [5|3], [3|1], [6|0], [5|1], [0|0], [4|4]]",9,5,[6|5][5|3][3|1][1|5][5|0][0|0][0|6][6|2],8,1,[6|5][5|1][1|3][3|5][5|0][0|0][0|6][6|2],8
"[[4|3], [3|0], [6|2], [6|1], [2|0], [6|5], [0|0], [4|0], [1|1]]",9,1,[0|4][4|3][3|0][0|0][0|2][2|6][6|1][1|1],8,1,[0|4][4|3][3|0][0|0][0|2][2|6][6|1][1|1],8
"[[6|4], [6|3], [4|4], [6|5], [2|2], [1|0], [5|0], [1|1], [5|5]]",9,1,[1|1][1|0][0|5][5|5][5|6][6|4][4|4],7,1,[4|4][4|6][6|5][5|5][5|0][0|1][1|1],7
"[[1|0], [4|0], [4|3], [2|1], [6|3], [4|1], [2|2], [2|0], [3|2]]",9,5,[6|3][3|2][2|2][2|1][1|0][0|4][4|3],7,9,[2|2][2|3][3|4][4|1][1|2][2|0][0|1],7
"[[2|2], [6|3], [3|0], [4|2], [3|1], [4|1], [1|0], [6|2], [5|4]]",9,2,[3|6][6|2][2|2][2|4][4|1][1|0][0|3][3|1],8,1,[1|0][0|3][3|1][1|4][4|2][2|2][2|6][6|3],8
"[[4|2], [4|4], [1|0], [2|2], [4|3], [2|1], [5|0], [4|1], [6|4]]",9,2,[6|4][4|1][1|2][2|2][2|4][4|4][4|3],7,1,[6|4][4|4][4|2][2|2][2|1][1|0][0|5],7
"[[2|0], [6|5], [5|2], [6|3], [3|1], [5|5], [3|0], [4|0], [2|1]]",9,2,[2|0][0|3][3|6][6|5][5|5][5|2][2|1][1|3],8,4,[4|0][0|2][2|1][1|3][3|6][6|5][5|5][5|2],8
"[[5|0], [1|1], [4|4], [2|0], [2|2], [3|3], [3|0], [0|0], [3|1]]",9,1,[2|2][2|0][0|0][0|3][3|3][3|1][1|1],7,7,[1|1][1|3][3|3][3|0][0|0][0|2][2|2],7
"[[2|0], [5|2], [4|2], [6|6], [1|0], [6|2], [6|5], [2|1], [5|3], [5|5]]",10,12,[5|2][2|1][1|0][0|2][2|6][6|6][6|5][5|5][5|3],9,3,[5|5][5|2][2|1][1|0][0|2][2|6][6|6][6|5][5|3],9
"[[6|0], [2|2], [6|5], [5|4], [3|2], [6|4], [3|1], [4|4], [5|1], [0|0]]",10,2,[0|0][0|6][6|4][4|4][4|5][5|1][1|3][3|2][2|2],9,1,[0|0][0|6][6|4][4|4][4|5][5|1][1|3][3|2][2|2],9
"[[5|5], [2|2], [3|3], [5|0], [6|6], [4|4], [3|1], [6|5], [0|0], [5|1]]",10,1,[3|3][3|1][1|5][5|5][5|0][0|0],6,1,[6|6][6|5][5|5][5|1][1|3][3|3],6
"[[6|0], [6|6], [5|2], [2|1], [4|2], [5|0], [6|1], [4|0], [3|0], [0|0]]",10,15,[2|5][5|0][0|0][0|4][4|2][2|1][1|6][6|6][6|0][0|3],10,8,[2|5][5|0][0|4][4|2][2|1][1|6][6|6][6|0][0|0][0|3],10
"[[5|0], [4|3], [5|4], [5|1], [6|2], [6|4], [3|0], [2|1], [3|2], [1|0]]",10,5,[2|6][6|4][4|3][3|2][2|1][1|0][0|5][5|4],8,3,[0|5][5|4][4|3][3|0][0|1][1|2][2|6][6|4],8
"[[6|5], [2|2], [4|0], [6|0], [0|0], [6|1], [6|6], [4|4], [6|2], [1|0]]",10,4,[4|4][4|0][0|0][0|1][1|6][6|6][6|2][2|2],8,1,[2|2][2|6][6|6][6|0][0|0][0|1][1|6][6|5],8
"[[0|0], [3|3], [4|2], [1|0], [4|0], [2|2], [6|0], [5|5], [6|6], [5|2]]",10,2,[6|6][6|0][0|0][0|4][4|2][2|2][2|5][5|5],8,1,[6|6][6|0][0|0][0|4][4|2][2|2][2|5][5|5],8
"[[2|1], [4|0], [2|2], [5|3], [3|1], [6|3], [4|2], [6|1], [5|1], [4|3]]",10,8,[4|3][3|6][6|1][1|5][5|3][3|1][1|2][2|2][2|4][4|0],10,7,[4|2][2|2][2|1][1|5][5|3][3|1][1|6][6|3][3|4][4|0],10
"[[5|4], [5|2], [1|0], [6|4], [6|5], [6|2], [4|1], [6|6], [5|3], [3|1]]",10,8,[6|6][6|5][5|4][4|6][6|2][2|5][5|3][3|1][1|0],9,3,[0|1][1|3][3|5][5|4][4|6][6|6][6|5][5|2][2|6],9
"[[3|2], [4|4], [5|2], [6|1], [4|2], [5|3], [3|0], [5|0], [6|3], [2|1]]",10,3,[4|4][4|2][2|1][1|6][6|3][3|0][0|5][5|2][2|3][3|5],10,2,[4|4][4|2][2|3][3|0][0|5][5|2][2|1][1|6][6|3][3|5],10
"[[6|2], [4|2], [5|2], [2|2], [4|3], [1|0], [6|5], [6|0], [6|1], [3|3], [1|1]]",11,1,[3|3][3|4][4|2][2|6][6|1][1|1][1|0][0|6][6|5][5|2][2|2],11,3,[2|6][6|0][0|1][1|1][1|6][6|5][5|2][2|2][2|4][4|3][3|3],11
"[[5|2], [3|2], [5|0], [6|0], [5|3], [4|0], [4|3], [6|6], [2|2], [2|0], [4|4]]",11,11,[6|6][6|0][0|5][5|2][2|0][0|4][4|4][4|3][3|2][2|2],10,4,[6|6][6|0][0|4][4|4][4|3][3|5][5|0][0|2][2|2][2|5],10
"[[3|2], [3|0], [4|2], [5|5], [6|6], [2|0], [1|1], [5|1], [6|3], [4|4], [4|1]]",11,2,[6|6][6|3][3|0][0|2][2|4][4|4][4|1][1|1][1|5][5|5],10,2,[5|5][5|1][1|1][1|4][4|4][4|2][2|0][0|3][3|6][6|6],10
"[[5|1], [3|1], [2|0], [6|6], [1|1], [2|1], [1|0], [6|1], [4|0], [4|1], [5|0]]",11,17,[3|1][1|0][0|2][2|1][1|1][1|4][4|0][0|5][5|1][1|6][6|6],11,7,[6|6][6|1][1|2][2|0][0|1][1|1][1|4][4|0][0|5][5|1][1|3],11
"[[4|3], [6|1], [6|3], [4|2], [6|6], [5|2], [3|2], [1|0], [5|5], [3|1], [5|0]]",11,2,[1|6][6|6][6|3][3|4][4|2][2|3][3|1][1|0][0|5][5|5][5|2],11,4,[2|3][3|4][4|2][2|5][5|5][5|0][0|1][1|6][6|6][6|3][3|1],11
"[[6|0], [6|2], [5|0], [1|1], [6|1], [2|0], [6|4], [6|6], [3|2], [2|2], [4|4]]",11,6,[1|1][1|6][6|6][6|2][2|2][2|0][0|6][6|4][4|4],9,4,[4|4][4|6][6|2][2|2][2|0][0|6][6|6][6|1][1|1],9
"[[5|4], [3|1], [3|0], [2|1], [2|2], [1|1], [5|1], [6|6], [4|1], [4|0], [6|3]]",11,8,[4|0][0|3][3|1][1|1][1|5][5|4][4|1][1|2][2|2],9,1,[6|6][6|3][3|1][1|1][1|4][4|5][5|1][1|2][2|2],9
"[[3|2], [0|0], [3|3], [6|2], [1|1], [6|6], [4|3], [4|2], [4|1], [5|3], [6|4]]",11,3,[2|6][6|6][6|4][4|3][3|3][3|2][2|4][4|1][1|1],9,1,[5|3][3|3][3|4][4|2][2|6][6|6][6|4][4|1][1|1],9
"[[5|0], [6|2], [6|1], [5|1], [6|3], [4|0], [6|6], [5|3], [3|0], [4|3], [1|1]]",11,7,[6|6][6|3][3|4][4|0][0|3][3|5][5|1][1|1][1|6][6|2],10,3,[6|1][1|1][1|5][5|3][3|4][4|0][0|3][3|6][6|6][6|2],10
"[[1|0], [4|4], [3|2], [2|0], [4|0], [2|2], [6|2], [5|5], [3|1], [6|1], [5|1]]",11,3,[5|5][5|1][1|3][3|2][2|2][2|6][6|1][1|0][0|4][4|4],10,1,[5|5][5|1][1|3][3|2][2|2][2|6][6|1][1|0][0|4][4|4],10
"[[2|1], [6|3], [4|1], [5|0], [3|3], [3|0], [6|0], [5|5], [2|2], [0|0], [6|5], [3|2]]",12,12,[4|1][1|2][2|2][2|3][3|0][0|0][0|5][5|5][5|6][6|3][3|3],11,5,[4|1][1|2][2|2][2|3][3|3][3|0][0|5][5|5][5|6][6|0][0|0],11
"[[2|1], [5|5], [4|4], [6|2], [4|0], [5|3], [0|0], [5|4], [4|1], [1|1], [5|0], [4|2]]",12,14,[6|2][2|1][1|1][1|4][4|0][0|0][0|5][5|5][5|4][4|4][4|2],11,5,[6|2][2|4][4|5][5|5][5|0][0|0][0|4][4|4][4|1][1|1][1|2],11
"[[2|0], [6|1], [5|4], [5|0], [2|1], [6|4], [6|0], [5|3], [4|4], [1|1], [3|2], [4|1]]",12,47,[4|6][6|0][0|5][5|4][4|4][4|1][1|1][1|2][2|3][3|5],10,7,[2|0][0|5][5|3][3|2][2|1][1|1][1|4][4|4][4|6][6|1],10
"[[4|4], [5|2], [3|3], [2|1], [4|3], [6|5], [6|4], [4|0], [6|0], [4|2], [1|0], [6|3]]",12,0,[2|5][5|6][6|4][4|4][4|3][3|3][3|6][6|0][0|4][4|2][2|1][1|0],12,6,[2|5][5|6][6|4][4|3][3|3][3|6][6|0][0|4][4|4][4|2][2|1][1|0],12
"[[6|1], [5|5], [3|1], [6|0], [2|2], [6|2], [1|0], [5|2], [6|5], [4|3], [4|4], [5|0]]",12,9,[4|4][4|3][3|1][1|0][0|6][6|5][5|5][5|2][2|2][2|6][6|1],11,2,[5|5][5|2][2|2][2|6][6|0][0|5][5|6][6|1][1|3][3|4][4|4],11
"[[6|2], [0|0], [5|4], [6|3], [4|0], [4|2], [3|1], [4|4], [5|2], [2|0], [3|2], [3|3]]",12,27,[3|3][3|6][6|2][2|5][5|4][4|4][4|0][0|0][0|2][2|3][3|1],11,3,[3|6][6|2][2|5][5|4][4|4][4|0][0|0][0|2][2|3][3|3][3|1],11
"[[5|4], [0|0], [6|2], [6|6], [4|3], [3|3], [1|0], [4|2], [3|0], [6|0], [5|1], [3|2]]",12,22,[4|3][3|3][3|0][0|0][0|1][1|5][5|4][4|2][2|6][6|6][6|0],11,5,[2|3][3|3][3|0][0|6][6|6][6|2][2|4][4|5][5|1][1|0][0|0],11
"[[4|4], [6|0], [3|2], [5|3], [5|5], [2|1], [2|2], [4|1], [4|0], [6|6], [3|3], [5|0]]",12,3,[6|6][6|0][0|5][5|5][5|3][3|3][3|2][2|2][2|1][1|4][4|4][4|0],12,3,[6|6][6|0][0|4][4|4][4|1][1|2][2|2][2|3][3|3][3|5][5|5][5|0],12
"[[6|6], [2|0], [5|5], [5|2], [4|4], [3|0], [3|3], [5|1], [1|1], [5|0], [1|0], [5|3]]",12,22,[5|1][1|1][1|0][0|2][2|5][5|0][0|3][3|3][3|5][5|5],10,3,[0|2][2|5][5|5][5|1][1|1][1|0][0|5][5|3][3|3][3|0],10
"[[1|1], [6|4], [1|0], [4|3], [5|5], [4|4], [6|1], [3|1], [6|6], [6|3], [3|3], [4|2]]",12,40,[1|6][6|6][6|4][4|4][4|3][3|3][3|1][1|1][1|0],9,3,[2|4][4|4][4|3][3|3][3|1][1|1][1|6][6|6][6|4],9
"[[6|1], [1|1], [2|0], [5|5], [6|2], [2|2], [3|3], [3|1], [4|0], [4|2], [0|0], [6|5], [6|3]]",13,11,[2|2][2|4][4|0][0|0][0|2][2|6][6|3][3|3][3|1][1|1][1|6][6|5][5|5],13,7,[2|0][0|0][0|4][4|2][2|2][2|6][6|1][1|1][1|3][3|3][3|6][6|5][5|5],13
"[[4|2], [5|5], [6|2], [6|1], [6|5], [0|0], [6|6], [5|2], [4|1], [1|1], [1|0], [5|4], [5|1]]",13,109,[4|5][5|5][5|6][6|6][6|1][1|5][5|2][2|4][4|1][1|1][1|0][0|0],12,10,[0|0][0|1][1|6][6|6][6|5][5|5][5|1][1|1][1|4][4|5][5|2][2|4],12
"[[3|1], [1|0], [4|3], [6|2], [2|0], [3|0], [2|1], [4|4], [6|4], [1|1], [0|0], [6|5], [4|2]]",13,48,[4|4][4|6][6|2][2|4][4|3][3|1][1|0][0|0][0|2][2|1][1|1],11,11,[5|6][6|2][2|1][1|1][1|0][0|3][3|4][4|4][4|2][2|0][0|0],11
"[[4|0], [4|3], [5|0], [5|3], [5|2], [6|6], [4|4], [1|1], [6|3], [3|3], [3|0], [1|0], [2|0]]",13,79,[6|6][6|3][3|0][0|2][2|5][5|3][3|3][3|4][4|4][4|0][0|1][1|1],12,6,[1|1][1|0][0|2][2|5][5|3][3|0][0|4][4|4][4|3][3|3][3|6][6|6],12
"[[6|5], [4|1], [6|4], [3|1], [6|1], [5|1], [3|2], [6|2], [2|1], [5|5], [4|2], [3|3], [3|0]]",13,100,[4|6][6|5][5|5][5|1][1|6][6|2][2|4][4|1][1|3][3|3][3|2][2|1],12,12,[3|2][2|1][1|6][6|4][4|2][2|6][6|5][5|5][5|1][1|3][3|3][3|0],12
"[[6|3], [0|0], [2|1], [6|2], [5|0], [1|0], [3|1], [6|1], [5|2], [4|0], [4|4], [6|6], [4|3]]",13,40,[2|6][6|6][6|1][1|3][3|4][4|4][4|0][0|5][5|2][2|1][1|0][0|0],12,13,[0|0][0|1][1|3][3|6][6|6][6|1][1|2][2|5][5|0][0|4][4|4][4|3],12
"[[4|2], [0|0], [2|0], [5|4], [5|1], [2|2], [4|3], [6|0], [6|2], [3|0], [6|1], [3|1], [3|3]]",13,36,[4|5][5|1][1|6][6|0][0|3][3|3][3|4][4|2][2|2][2|0][0|0],11,13,[3|3][3|1][1|5][5|4][4|3][3|0][0|0][0|6][6|2][2|2][2|4],11
"[[3|1], [4|2], [2|0], [6|0], [2|2], [4|0], [6|1], [5|1], [6|6], [6|4], [6|2], [6|5], [5|5]]",13,58,[3|1][1|5][5|5][5|6][6|0][0|2][2|2][2|4][4|6][6|6][6|1],11,11,[3|1][1|5][5|5][5|6][6|6][6|4][4|2][2|2][2|0][0|6][6|1],11
"[[2|2], [4|3], [5|4], [0|0], [5|1], [2|1], [4|0], [1|0], [5|3], [6|0], [1|1], [6|2], [4|1]]",13,1,[5|4][4|3][3|5][5|1][1|4][4|0][0|6][6|2][2|2][2|1][1|1][1|0][0|0],13,12,[0|4][4|1][1|1][1|0][0|0][0|6][6|2][2|2][2|1][1|5][5|3][3|4][4|5],13
"[[4|4], [5|4], [1|1], [5|0], [5|1], [6|0], [2|2], [4|3], [6|3], [5|2], [4|0], [6|6], [4|1]]",13,5,[2|2][2|5][5|4][4|4][4|3][3|6][6|6][6|0][0|5][5|1][1|1][1|4][4|0],13,6,[2|2][2|5][5|4][4|4][4|3][3|6][6|6][6|0][0|4][4|1][1|1][1|5][5|0],13
"[[2|2], [5|3], [6|0], [6|3], [0|0], [4|3], [4|1], [5|0], [3|1], [5|2], [4|4], [2|0], [3|0], [3|3]]",14,16,[5|2][2|2][2|0][0|6][6|3][3|0][0|0][0|5][5|3][3|1][1|4][4|4][4|3][3|3],14,23,[3|0][0|0][0|2][2|2][2|5][5|3][3|3][3|1][1|4][4|4][4|3][3|6][6|0][0|5],14
"[[3|2], [3|1], [4|3], [6|5], [4|0], [6|1], [2|0], [4|1], [5|5], [5|3], [2|2], [3|0], [6|4], [5|0]]",14,166,[6|4][4|1][1|6][6|5][5|5][5|0][0|4][4|3][3|2][2|2][2|0][0|3][3|1],13,47,[6|4][4|0][0|2][2|2][2|3][3|1][1|6][6|5][5|5][5|0][0|3][3|4][4|1],13
"[[3|1], [6|1], [5|3], [5|5], [4|0], [3|2], [6|5], [6|3], [2|2], [6|4], [3|0], [2|0], [6|0], [3|3]]",14,196,[3|1][1|6][6|3][3|2][2|2][2|0][0|6][6|5][5|5][5|3][3|3][3|0][0|4][4|6],14,42,[6|4][4|0][0|3][3|6][6|0][0|2][2|2][2|3][3|3][3|1][1|6][6|5][5|5][5|3],14
"[[6|2], [5|4], [5|2], [4|3], [2|2], [4|0], [4|2], [6|0], [0|0], [4|4], [1|1], [6|1], [6|4], [6|6]]",14,121,[2|6][6|6][6|4][4|4][4|5][5|2][2|2][2|4][4|0][0|0][0|6][6|1][1|1],13,9,[1|1][1|6][6|6][6|4][4|4][4|2][2|2][2|6][6|0][0|0][0|4][4|5][5|2],13
"[[6|2], [6|4], [6|1], [5|0], [6|3], [2|0], [0|0], [4|3], [3|1], [5|3], [6|5], [3|2], [3|3], [6|0]]",14,449,[2|6][6|4][4|3][3|3][3|6][6|5][5|0][0|6][6|1][1|3][3|2][2|0][0|0],13,31,[0|6][6|4][4|3][3|2][2|0][0|0][0|5][5|6][6|3][3|3][3|1][1|6][6|2],13
"[[5|3], [6|2], [4|4], [5|4], [5|0], [2|2], [4|0], [6|4], [6|1], [6|5], [2|1], [6|3], [4|1], [2|0]]",14,274,[2|2][2|6][6|5][5|4][4|4][4|6][6|3][3|5][5|0][0|4][4|1][1|2][2|0],13,59,[0|4][4|1][1|6][6|4][4|4][4|5][5|6][6|2][2|2][2|0][0|5][5|3][3|6],13
"[[5|0], [6|5], [2|1], [4|2], [2|2], [3|0], [6|3], [3|2], [3|3], [5|2], [4|4], [6|1], [4|1], [5|1]]",14,150,[3|2][2|2][2|1][1|6][6|3][3|3][3|0][0|5][5|1][1|4][4|4][4|2][2|5][5|6],14,31,[6|1][1|4][4|4][4|2][2|2][2|5][5|1][1|2][2|3][3|3][3|0][0|5][5|6][6|3],14
"[[6|4], [0|0], [3|2], [4|2], [1|1], [5|4], [2|1], [6|1], [5|3], [4|4], [5|5], [6|0], [5|2], [4|0]]",14,73,[5|5][5|4][4|4][4|6][6|0][0|0][0|4][4|2][2|5][5|3][3|2][2|1][1|1],13,13,[5|2][2|3][3|5][5|5][5|4][4|6][6|0][0|0][0|4][4|4][4|2][2|1][1|1][1|6],14
"[[6|5], [2|1], [5|5], [6|3], [1|1], [4|4], [3|1], [2|0], [6|1], [3|3], [5|0], [3|2], [4|1], [4|3]]",14,88,[2|1][1|1][1|3][3|2][2|0][0|5][5|5][5|6][6|1][1|4][4|4][4|3][3|3][3|6],14,21,[2|0][0|5][5|5][5|6][6|3][3|3][3|1][1|1][1|4][4|4][4|3][3|2][2|1][1|6],14
"[[5|4], [2|1], [6|2], [4|4], [4|2], [5|5], [0|0], [5|2], [4|0], [6|4], [2|0], [3|3], [6|0], [6|1]]",14,243,[2|6][6|4][4|4][4|5][5|5][5|2][2|4][4|0][0|6][6|1][1|2][2|0][0|0],13,14,[2|5][5|5][5|4][4|6][6|1][1|2][2|6][6|0][0|0][0|2][2|4][4|4][4|0],13
"[[5|4], [4|0], [3|1], [6|4], [1|0], [5|2], [3|3], [4|4], [0|0], [2|2], [6|1], [4|3], [3|0], [6|3], [3|2]]",15,519,[3|3][3|6][6|4][4|4][4|5][5|2][2|2][2|3][3|4][4|0][0|3][3|1][1|0][0|0],14,67,[0|4][4|4][4|3][3|1][1|0][0|0][0|3][3|3][3|2][2|2][2|5][5|4][4|6][6|1],14
"[[2|0], [6|2], [6|0], [5|3], [6|4], [4|0], [2|1], [0|0], [5|5], [3|1], [6|6], [4|1], [6|5], [3|2], [4|4]]",15,310,[3|5][5|5][5|6][6|6][6|4][4|4][4|1][1|3][3|2][2|6][6|0][0|0][0|2][2|1],14,42,[3|5][5|5][5|6][6|6][6|2][2|3][3|1][1|2][2|0][0|4][4|4][4|6][6|0][0|0],14
"[[6|2], [4|3], [6|1], [5|5], [4|2], [3|2], [2|0], [5|2], [6|0], [2|1], [5|0], [3|1], [6|4], [1|0], [5|3]]",15,377,[4|2][2|6][6|1][1|3][3|2][2|5][5|0][0|2][2|1][1|0][0|6][6|4][4|3][3|5][5|5],15,110,[5|2][2|6][6|0][0|2][2|3][3|1][1|6][6|4][4|2][2|1][1|0][0|5][5|5][5|3][3|4],15
"[[3|3], [6|5], [2|2], [1|1], [6|6], [4|1], [5|0], [5|2], [3|1], [3|0], [2|1], [4|3], [6|3], [5|5], [2|0]]",15,199,[2|2][2|5][5|5][5|6][6|6][6|3][3|3][3|4][4|1][1|3][3|0][0|2][2|1][1|1],14,41,[2|2][2|0][0|3][3|6][6|6][6|5][5|5][5|2][2|1][1|3][3|3][3|4][4|1][1|1],14
"[[6|3], [5|2], [0|0], [5|3], [4|3], [5|5], [1|1], [6|2], [6|6], [3|3], [1|0], [3|1], [2|0], [3|0], [6|1]]",15,237,[4|3][3|0][0|0][0|1][1|1][1|3][3|3][3|5][5|5][5|2][2|6][6|6][6|1],13,43,[1|0][0|0][0|2][2|5][5|5][5|3][3|3][3|1][1|1][1|6][6|6][6|3][3|4],13
"[[2|1], [6|4], [2|0], [6|0], [3|3], [5|0], [1|0], [4|2], [6|1], [6|6], [0|0], [4|0], [2|2], [1|1], [4|1]]",15,490,[5|0][0|0][0|1][1|1][1|2][2|0][0|4][4|1][1|6][6|6][6|4][4|2][2|2],13,43,[5|0][0|1][1|1][1|2][2|2][2|4][4|0][0|0][0|6][6|6][6|4][4|1][1|6],13
"[[3|3], [2|0], [6|3], [5|3], [6|6], [6|4], [6|5], [5|2], [1|0], [4|0], [5|5], [1|1], [5|0], [3|0], [5|1]]",15,567,[0|4][4|6][6|6][6|3][3|0][0|2][2|5][5|5][5|1][1|1][1|0][0|5][5|3][3|3],14,44,[3|0][0|2][2|5][5|3][3|3][3|6][6|6][6|4][4|0][0|1][1|1][1|5][5|5][5|6],14
"[[6|3], [3|1], [4|4], [3|3], [3|0], [5|4], [6|0], [2|0], [1|0], [1|1], [5|0], [3|2], [6|6], [5|2], [6|1]]",15,220,[0|6][6|6][6|3][3|3][3|2][2|0][0|3][3|1][1|1][1|0][0|5][5|4][4|4],13,39,[1|3][3|2][2|0][0|3][3|3][3|6][6|6][6|1][1|1][1|0][0|5][5|4][4|4],13
"[[2|1], [4|0], [6|1], [4|4], [2|2], [5|2], [4|3], [3|0], [6|2], [5|4], [6|6], [5|5], [1|1], [3|2], [6|0]]",15,176,[6|6][6|2][2|2][2|5][5|5][5|4][4|4][4|0][0|6][6|1][1|1][1|2][2|3][3|0],14,36,[3|0][0|6][6|6][6|1][1|1][1|2][2|3][3|4][4|4][4|5][5|5][5|2][2|2][2|6],14
"[[6|1], [2|2], [6|2], [3|2], [0|0], [5|5], [1|0], [1|1], [6|0], [5|0], [4|2], [5|1], [3|0], [4|3], [3|3]]",15,204,[3|2][2|2][2|4][4|3][3|3][3|0][0|0][0|1][1|1][1|5][5|5][5|0][0|6][6|1],14,38,[3|3][3|0][0|5][5|5][5|1][1|1][1|0][0|0][0|6][6|2][2|2][2|4][4|3][3|2],14
"[[2|1], [5|3], [3|2], [5|1], [4|2], [6|3], [5|4], [6|0], [3|0], [4|1], [6|1], [5|0], [4|3], [1|1], [6|6], [2|0]]",16,1521,[6|6][6|3][3|2][2|4][4|5][5|1][1|6][6|0][0|5][5|3][3|0][0|2][2|1][1|1][1|4][4|3],16,409,[3|6][6|6][6|0][0|5][5|3][3|2][2|0][0|3][3|4][4|5][5|1][1|1][1|2][2|4][4|1][1|6],16
"[[2|0], [6|3], [3|1], [6|0], [4|0], [5|0], [5|1], [6|6], [6|1], [3|0], [1|0], [2|2], [5|2], [4|2], [0|0], [5|3]]",16,1777,[6|6][6|3][3|5][5|1][1|6][6|0][0|5][5|2][2|0][0|3][3|1][1|0][0|0][0|4][4|2][2|2],16,318,[6|1][1|3][3|5][5|1][1|0][0|6][6|6][6|3][3|0][0|0][0|4][4|2][2|0][0|5][5|2][2|2],16
"[[5|0], [5|2], [6|3], [4|2], [1|1], [3|3], [5|1], [4|4], [2|2], [6|0], [6|4], [5|4], [2|1], [6|2], [3|2], [4|0]]",16,1,[2|5][5|4][4|4][4|6][6|3][3|3][3|2][2|2][2|6][6|0][0|5][5|1][1|1][1|2][2|4][4|0],16,204,[2|2][2|5][5|4][4|6][6|0][0|4][4|4][4|2][2|6][6|3][3|3][3|2][2|1][1|1][1|5][5|0],16
"[[4|4], [6|4], [6|0], [1|1], [1|0], [6|1], [3|0], [2|1], [5|0], [4|3], [2|2], [4|2], [5|2], [0|0], [6|3], [5|3]]",16,970,[4|4][4|6][6|3][3|5][5|0][0|6][6|1][1|0][0|0][0|3][3|4][4|2][2|2][2|1][1|1],15,234,[4|2][2|2][2|1][1|1][1|6][6|0][0|5][5|3][3|4][4|4][4|6][6|3][3|0][0|0][0|1],15
"[[5|2], [6|0], [6|5], [4|0], [2|2], [0|0], [3|3], [5|5], [5|1], [6|6], [4|2], [6|2], [6|3], [2|0], [1|1], [3|2]]",16,667,[1|1][1|5][5|5][5|6][6|6][6|2][2|4][4|0][0|6][6|3][3|3][3|2][2|2][2|0][0|0],15,51,[1|1][1|5][5|5][5|6][6|6][6|3][3|3][3|2][2|2][2|0][0|0][0|6][6|2][2|4][4|0],15
"[[3|3], [3|2], [5|2], [6|1], [6|6], [6|0], [3|0], [4|0], [5|4], [6|5], [5|1], [0|0], [6|3], [5|5], [6|4], [3|1]]",16,2134,[1|6][6|6][6|5][5|5][5|4][4|0][0|6][6|3][3|3][3|2][2|5][5|1][1|3][3|0][0|0],15,243,[1|5][5|6][6|1][1|3][3|3][3|2][2|5][5|5][5|4][4|0][0|0][0|6][6|6][6|3][3|0],15
"[[5|0], [5|1], [3|0], [6|0], [6|2], [2|2], [1|0], [6|6], [4|4], [3|3], [5|2], [3|1], [4|1], [6|3], [4|2], [6|5]]",16,107,[3|3][3|6][6|6][6|5][5|2][2|6][6|0][0|5][5|1][1|3][3|0][0|1][1|4][4|4][4|2][2|2],16,170,[2|5][5|1][1|0][0|3][3|3][3|1][1|4][4|4][4|2][2|2][2|6][6|0][0|5][5|6][6|6][6|3],16
"[[5|5], [3|1], [3|2], [3|0], [4|4], [5|4], [0|0], [4|0], [6|4], [5|1], [6|3], [4|3], [4|1], [1|0], [6|5], [2|2]]",16,949,[2|2][2|3][3|6][6|4][4|4][4|5][5|5][5|1][1|4][4|0][0|3][3|1][1|0][0|0],14,93,[2|2][2|3][3|1][1|5][5|5][5|6][6|4][4|4][4|0][0|0][0|1][1|4][4|3][3|6],14
"[[4|1], [0|0], [6|0], [1|0], [1|1], [4|0], [2|1], [4|3], [6|5], [3|0], [5|2], [2|2], [5|3], [6|4], [6|3], [6|6]]",16,182,[5|6][6|6][6|4][4|3][3|6][6|0][0|4][4|1][1|0][0|0][0|3][3|5][5|2][2|2][2|1][1|1],16,167,[5|6][6|6][6|3][3|0][0|0][0|6][6|4][4|3][3|5][5|2][2|2][2|1][1|1][1|0][0|4][4|1],16
"[[1|0], [1|1], [6|5], [4|3], [6|2], [4|2], [2|0], [4|4], [3|0], [5|2], [4|0], [6|0], [3|1], [6|1], [5|1], [5|3]]",16,1,[4|4][4|3][3|5][5|6][6|2][2|5][5|1][1|6][6|0][0|4][4|2][2|0][0|3][3|1][1|1][1|0],16,459,[0|3][3|1][1|0][0|4][4|4][4|3][3|5][5|1][1|1][1|6][6|0][0|2][2|6][6|5][5|2][2|4],16
"[[5|3], [6|0], [2|1], [5|2], [4|2], [5|1], [6|2], [3|3], [6|4], [6|3], [3|1], [6|6], [5|4], [0|0], [6|5], [1|1], [4|3]]",17,4887,[6|6][6|5][5|4][4|6][6|3][3|5][5|2][2|4][4|3][3|3][3|1][1|1][1|2][2|6][6|0][0|0],16,266,[1|3][3|5][5|2][2|1][1|1][1|5][5|4][4|6][6|6][6|3][3|3][3|4][4|2][2|6][6|0][0|0],16
"[[6|2], [6|0], [3|3], [6|5], [4|1], [3|1], [5|3], [6|3], [2|2], [4|3], [2|0], [5|0], [3|0], [6|1], [5|4], [6|4], [5|5]]",17,0,[3|6][6|5][5|5][5|4][4|6][6|1][1|4][4|3][3|3][3|5][5|0][0|6][6|2][2|2][2|0][0|3][3|1],17,813,[1|4][4|6][6|5][5|4][4|3][3|3][3|0][0|5][5|5][5|3][3|6][6|0][0|2][2|2][2|6][6|1][1|3],17
"[[4|3], [3|0], [6|0], [4|2], [5|1], [6|4], [3|2], [4|4], [6|3], [2|2], [2|0], [5|0], [6|1], [1|1], [5|5], [2|1], [4|1]]",17,7,[1|6][6|4][4|4][4|3][3|6][6|0][0|5][5|5][5|1][1|4][4|2][2|2][2|3][3|0][0|2][2|1][1|1],17,811,[2|0][0|3][3|6][6|1][1|1][1|5][5|5][5|0][0|6][6|4][4|4][4|3][3|2][2|2][2|1][1|4][4|2],17
"[[0|0], [2|2], [3|3], [3|2], [3|1], [3|0], [6|2], [4|0], [2|0], [6|4], [6|3], [4|4], [4|2], [6|0], [6|6], [5|1], [5|5]]",17,355,[4|0][0|3][3|2][2|2][2|0][0|0][0|6][6|4][4|4][4|2][2|6][6|6][6|3][3|3][3|1][1|5][5|5],17,213,[5|5][5|1][1|3][3|6][6|4][4|4][4|0][0|6][6|6][6|2][2|3][3|3][3|0][0|0][0|2][2|2][2|4],17
"[[3|2], [2|1], [2|2], [3|0], [6|3], [3|3], [0|0], [5|1], [5|5], [1|1], [4|3], [4|1], [5|0], [4|0], [6|4], [6|2], [6|0]]",17,1,[2|6][6|4][4|3][3|3][3|6][6|0][0|5][5|5][5|1][1|4][4|0][0|0][0|3][3|2][2|2][2|1][1|1],17,517,[2|2][2|3][3|6][6|0][0|0][0|4][4|6][6|2][2|1][1|1][1|4][4|3][3|3][3|0][0|5][5|5][5|1],17
"[[5|1], [6|4], [3|1], [3|3], [4|3], [6|2], [6|6], [4|1], [3|0], [5|2], [1|1], [4|0], [4|4], [2|1], [6|5], [6|3], [5|5]]",17,1523,[5|1][1|4][4|4][4|6][6|6][6|3][3|3][3|4][4|0][0|3][3|1][1|1][1|2][2|6][6|5][5|5][5|2],17,472,[5|5][5|6][6|3][3|4][4|4][4|6][6|6][6|2][2|5][5|1][1|3][3|3][3|0][0|4][4|1][1|1][1|2],17
"[[4|0], [5|2], [1|1], [4|4], [0|0], [2|0], [1|0], [3|2], [4|3], [6|1], [6|5], [2|1], [5|3], [6|0], [6|6], [3|3], [4|2]]",17,1805,[4|4][4|2][2|0][0|6][6|6][6|5][5|2][2|1][1|1][1|0][0|0][0|4][4|3][3|3][3|2],15,621,[5|6][6|6][6|0][0|0][0|1][1|1][1|2][2|0][0|4][4|4][4|3][3|3][3|5][5|2][2|3],15
"[[2|1], [3|0], [3|1], [5|4], [6|5], [3|3], [6|3], [5|1], [4|0], [2|2], [4|3], [6|1], [5|3], [6|0], [5|5], [4|2], [4|1]]",17,11976,[0|6][6|5][5|5][5|3][3|3][3|6][6|1][1|5][5|4][4|1][1|3][3|0][0|4][4|2][2|2][2|1],16,1061,[0|3][3|5][5|5][5|4][4|3][3|3][3|1][1|2][2|2][2|4][4|0][0|6][6|1][1|5][5|6][6|3],16
"[[1|0], [4|1], [4|3], [2|1], [6|6], [5|1], [2|2], [4|4], [3|0], [4|2], [6|3], [1|1], [3|1], [6|4], [3|2], [6|2], [5|4]]",17,11441,[4|4][4|6][6|6][6|2][2|4][4|5][5|1][1|4][4|3][3|1][1|0][0|3][3|2][2|2][2|1][1|1],16,691,[1|5][5|4][4|1][1|1][1|0][0|3][3|4][4|4][4|2][2|2][2|3][3|6][6|6][6|2][2|1][1|3],16
"[[5|2], [2|1], [6|0], [4|4], [1|1], [5|4], [0|0], [1|0], [4|0], [6|2], [4|2], [5|3], [6|1], [3|3], [5|1], [2|0], [6|6]]",17,2145,[6|6][6|2][2|5][5|4][4|4][4|0][0|6][6|1][1|1][1|2][2|0][0|0][0|1][1|5][5|3][3|3],16,277,[6|2][2|1][1|0][0|0][0|4][4|4][4|5][5|2][2|0][0|6][6|6][6|1][1|1][1|5][5|3][3|3],16
"[[6|6], [3|0], [1|0], [3|1], [3|2], [4|2], [6|4], [5|1], [2|0], [5|5], [2|2], [4|3], [4|0], [6|2], [1|1], [5|0], [6|0], [3|3]]",18,1030,[6|6][6|4][4|2][2|6][6|0][0|4][4|3][3|3][3|2][2|2][2|0][0|5][5|5][5|1][1|0][0|3][3|1][1|1],18,1469,[1|3][3|0][0|5][5|5][5|1][1|1][1|0][0|2][2|2][2|3][3|3][3|4][4|0][0|6][6|6][6|2][2|4][4|6],18
"[[3|2], [1|0], [2|2], [4|4], [2|1], [3|3], [6|1], [1|1], [5|4], [6|4], [5|2], [4|2], [5|1], [5|5], [6|5], [4|1], [3|1], [6|3]]",18,4245,[3|3][3|6][6|5][5|5][5|4][4|4][4|6][6|1][1|5][5|2][2|4][4|1][1|3][3|2][2|2][2|1][1|1][1|0],18,2801,[0|1][1|4][4|4][4|5][5|5][5|2][2|2][2|1][1|1][1|6][6|3][3|3][3|1][1|5][5|6][6|4][4|2][2|3],18
"[[3|2], [6|2], [1|0], [4|4], [1|1], [2|1], [5|1], [4|0], [5|0], [5|2], [3|0], [5|4], [6|5], [6|0], [0|0], [5|3], [6|3], [6|4]]",18,38538,[1|5][5|6][6|3][3|5][5|2][2|6][6|0][0|5][5|4][4|4][4|0][0|3][3|2][2|1][1|1][1|0][0|0],17,3295,[4|5][5|2][2|6][6|4][4|4][4|0][0|3][3|2][2|1][1|1][1|0][0|0][0|5][5|3][3|6][6|5][5|1],17
"[[6|4], [2|1], [5|4], [1|1], [4|2], [3|3], [5|3], [5|1], [3|1], [3|2], [6|6], [4|1], [1|0], [4|0], [5|5], [0|0], [6|3], [6|0]]",18,8694,[6|6][6|4][4|5][5|5][5|3][3|3][3|6][6|0][0|4][4|1][1|3][3|2][2|1][1|1][1|0][0|0],16,1623,[0|1][1|4][4|5][5|3][3|3][3|2][2|4][4|0][0|0][0|6][6|6][6|3][3|1][1|1][1|5][5|5],16
"[[5|2], [0|0], [5|0], [4|2], [3|0], [6|5], [2|0], [1|0], [1|1], [6|3], [5|4], [6|2], [4|3], [2|2], [6|4], [4|4], [4|0], [6|1]]",18,37129,[4|2][2|2][2|5][5|6][6|4][4|3][3|0][0|2][2|6][6|1][1|1][1|0][0|0][0|5][5|4][4|4][4|0],17,2426,[3|0][0|1][1|1][1|6][6|3][3|4][4|2][2|2][2|0][0|5][5|2][2|6][6|5][5|4][4|4][4|0][0|0],17
"[[4|2], [1|1], [3|2], [6|2], [4|3], [3|3], [1|0], [4|0], [3|0], [0|0], [6|0], [5|4], [2|2], [5|0], [4|4], [6|6], [4|1], [5|3]]",18,11655,[2|6][6|6][6|0][0|5][5|3][3|3][3|4][4|4][4|2][2|2][2|3][3|0][0|4][4|1][1|1][1|0][0|0],17,1410,[4|4][4|5][5|3][3|2][2|2][2|6][6|6][6|0][0|4][4|3][3|3][3|0][0|0][0|1][1|1][1|4][4|2],17
"[[4|2], [0|0], [2|0], [3|1], [4|1], [6|0], [2|1], [3|0], [5|0], [6|1], [5|5], [4|0], [5|4], [3|2], [2|2], [5|3], [4|4], [5|1]]",18,1,[0|6][6|1][1|5][5|5][5|4][4|4][4|2][2|2][2|3][3|5][5|0][0|4][4|1][1|3][3|0][0|0][0|2][2|1],18,3434,[0|2][2|1][1|3][3|5][5|5][5|0][0|4][4|4][4|1][1|6][6|0][0|0][0|3][3|2][2|2][2|4][4|5][5|1],18
"[[4|2], [1|0], [4|3], [3|0], [6|5], [6|3], [5|2], [4|1], [5|3], [4|4], [5|4], [3|2], [6|6], [6|2], [3|3], [5|0], [6|4], [4|0]]",18,2163,[5|6][6|6][6|4][4|4][4|5][5|2][2|6][6|3][3|0][0|5][5|3][3|2][2|4][4|1][1|0][0|4][4|3][3|3],18,2820,[3|3][3|6][6|4][4|3][3|2][2|4][4|5][5|3][3|0][0|4][4|4][4|1][1|0][0|5][5|6][6|6][6|2][2|5],18
"[[5|5], [4|0], [2|2], [4|2], [3|3], [1|0], [0|0], [1|1], [6|5], [5|3], [5|0], [5|2], [3|1], [6|2], [6|6], [6|4], [6|3], [5|4]]",18,6797,[0|4][4|6][6|6][6|5][5|5][5|4][4|2][2|2][2|6][6|3][3|1][1|1][1|0][0|0][0|5][5|3][3|3],17,795,[2|6][6|6][6|4][4|0][0|0][0|5][5|5][5|2][2|2][2|4][4|5][5|6][6|3][3|3][3|1][1|1][1|0],17
"[[6|1], [4|3], [3|0], [4|4], [5|0], [1|0], [4|1], [6|6], [6|2], [5|5], [3|2], [6|5], [4|2], [2|1], [1|1], [5|1], [5|3], [5|4]]",18,25595,[5|5][5|4][4|4][4|3][3|5][5|6][6|6][6|2][2|4][4|1][1|5][5|0][0|3][3|2][2|1][1|1][1|0],17,2971,[1|4][4|2][2|1][1|0][0|5][5|1][1|1][1|6][6|6][6|2][2|3][3|4][4|4][4|5][5|5][5|3][3|0],17
"[[4|1], [6|1], [5|1], [2|1], [4|3], [3|1], [4|0], [4|4], [5|3], [2|0], [1|0], [2|2], [4|2], [3|3], [6|5], [1|1], [5|4], [0|0], [5|0]]",19,112524,[2|2][2|4][4|4][4|1][1|6][6|5][5|3][3|1][1|5][5|0][0|2][2|1][1|1][1|0][0|0][0|4][4|3][3|3],18,14570,[2|1][1|6][6|5][5|0][0|0][0|4][4|4][4|2][2|2][2|0][0|1][1|1][1|5][5|4][4|1][1|3][3|3][3|5],18
"[[3|2], [2|1], [5|2], [1|0], [5|5], [6|6], [4|2], [4|4], [3|0], [4|0], [2|2], [6|5], [5|1], [2|0], [3|3], [4|3], [5|4], [6|4], [6|2]]",19,72905,[3|3][3|4][4|4][4|5][5|5][5|6][6|6][6|2][2|4][4|0][0|3][3|2][2|2][2|5][5|1][1|0][0|2][2|1],18,6490,[1|2][2|3][3|3][3|0][0|1][1|5][5|5][5|4][4|0][0|2][2|2][2|4][4|4][4|6][6|6][6|5][5|2][2|6],18
"[[5|4], [6|4], [5|0], [5|3], [1|1], [0|0], [6|3], [3|1], [1|0], [6|2], [2|2], [4|4], [2|0], [6|1], [4|1], [3|2], [5|2], [3|3], [5|5]]",19,4,[4|6][6|3][3|3][3|5][5|5][5|4][4|4][4|1][1|6][6|2][2|2][2|5][5|0][0|2][2|3][3|1][1|1][1|0][0|0],19,7306,[0|1][1|3][3|5][5|2][2|2][2|6][6|1][1|1][1|4][4|6][6|3][3|3][3|2][2|0][0|0][0|5][5|5][5|4][4|4],19
"[[1|1], [6|3], [3|0], [6|5], [4|2], [6|4], [6|1], [3|2], [2|1], [4|0], [4|3], [5|3], [2|2], [4|1], [5|5], [5|1], [2|0], [5|0], [5|4]]",19,7054,[5|5][5|6][6|4][4|5][5|1][1|6][6|3][3|0][0|5][5|3][3|2][2|2][2|4][4|1][1|1][1|2][2|0][0|4][4|3],19,17439,[5|6][6|4][4|3][3|6][6|1][1|1][1|4][4|0][0|3][3|2][2|2][2|0][0|5][5|4][4|2][2|1][1|5][5|5][5|3],19
"[[5|1], [0|0], [6|0], [6|4], [5|5], [3|2], [4|2], [4|0], [5|2], [3|3], [4|4], [5|3], [6|1], [1|1], [6|6], [6|5], [4|3], [6|3], [4|1]]",19,47425,[6|6][6|5][5|5][5|3][3|6][6|4][4|4][4|3][3|3][3|2][2|5][5|1][1|6][6|0][0|0][0|4][4|1][1|1],18,3630,[1|6][6|6][6|3][3|3][3|4][4|0][0|0][0|6][6|5][5|5][5|3][3|2][2|4][4|4][4|1][1|1][1|5][5|2],18
"[[5|0], [3|1], [5|1], [2|2], [6|3], [4|1], [3|0], [5|3], [2|1], [1|1], [5|5], [4|2], [4|3], [4|4], [4|0], [6|0], [3|2], [3|3], [6|2]]",19,84845,[6|3][3|5][5|5][5|0][0|6][6|2][2|4][4|4][4|3][3|3][3|1][1|4][4|0][0|3][3|2][2|2][2|1][1|1],18,14652,[6|3][3|4][4|2][2|3][3|5][5|5][5|1][1|1][1|2][2|2][2|6][6|0][0|3][3|3][3|1][1|4][4|4][4|0][0|5],19
"[[5|3], [6|4], [4|2], [6|6], [1|0], [5|4], [6|5], [6|2], [5|2], [5|0], [2|1], [0|0], [3|2], [4|1], [2|2], [5|5], [2|0], [6|0], [6|3]]",19,202637,[5|5][5|6][6|6][6|4][4|5][5|2][2|6][6|0][0|5][5|3][3|2][2|2][2|4][4|1][1|0][0|0][0|2][2|1],18,8376,[1|4][4|6][6|5][5|5][5|4][4|2][2|5][5|0][0|0][0|1][1|2][2|0][0|6][6|2][2|2][2|3][3|6][6|6],18
"[[6|2], [4|3], [2|2], [5|5], [5|1], [2|1], [4|2], [2|0], [3|2], [5|3], [0|0], [5|2], [1|0], [6|5], [4|1], [4|4], [5|0], [5|4], [6|0]]",19,25339,[6|5][5|5][5|4][4|4][4|2][2|5][5|3][3|2][2|2][2|6][6|0][0|5][5|1][1|2][2|0][0|0][0|1][1|4][4|3],19,12503,[3|4][4|5][5|5][5|2][2|6][6|5][5|0][0|0][0|2][2|3][3|5][5|1][1|2][2|2][2|4][4|4][4|1][1|0][0|6],19
"[[4|0], [5|4], [1|0], [5|2], [6|1], [6|0], [6|6], [5|5], [2|0], [6|3], [0|0], [3|0], [1|1], [5|3], [4|3], [3|3], [4|2], [2|2], [5|1]]",19,31892,[2|2][2|4][4|5][5|5][5|3][3|6][6|6][6|0][0|4][4|3][3|3][3|0][0|2][2|5][5|1][1|1][1|0][0|0],18,3955,[6|3][3|4][4|5][5|2][2|2][2|4][4|0][0|3][3|3][3|5][5|5][5|1][1|6][6|6][6|0][0|0][0|1][1|1],18
"[[3|2], [6|5], [0|0], [4|0], [4|4], [5|2], [1|1], [6|2], [3|0], [6|1], [4|1], [5|4], [6|0], [6|4], [5|3], [6|3], [1|0], [5|5], [5|1]]",19,3,[5|5][5|6][6|4][4|4][4|5][5|3][3|6][6|2][2|5][5|1][1|6][6|0][0|4][4|1][1|1][1|0][0|0][0|3][3|2],19,10595,[5|1][1|4][4|4][4|6][6|1][1|1][1|0][0|0][0|4][4|5][5|5][5|6][6|3][3|5][5|2][2|3][3|0][0|6][6|2],19
